﻿<parameters>
  <parameter name="IIS Web Application Name" defaultValue="Default Web Site/SecureDatabase_deploy" tags="IisApp">
    <parameterEntry kind="ProviderPath" scope="IisApp" match="^C:\\Users\\Roshan\\Desktop\\Phase\ 1\ Final\\Phase\ 1\ Final\\WebApplication4\\WebApplication4\\WebApplication4\\obj\\Debug\\Package\\PackageTmp$" />
    <parameterEntry kind="ProviderPath" scope="setAcl" match="^C:\\Users\\Roshan\\Desktop\\Phase\ 1\ Final\\Phase\ 1\ Final\\WebApplication4\\WebApplication4\\WebApplication4\\obj\\Debug\\Package\\PackageTmp$" />
  </parameter>
  <parameter name="Add write permission to App_Data Folder" description="Add write permission to App_Data folder" defaultValue="{IIS Web Application Name}/App_Data" tags="Hidden">
    <parameterEntry kind="ProviderPath" scope="setAcl" match="^C:\\Users\\Roshan\\Desktop\\Phase\ 1\ Final\\Phase\ 1\ Final\\WebApplication4\\WebApplication4\\WebApplication4\\obj\\Debug\\Package\\PackageTmp\\App_Data$" />
  </parameter>
  <parameter name="ApplicationServices-Web.config Connection String" description="ApplicationServices Connection String used in web.config by the application to access the database." defaultValue="Data Source=Roshan-PC;Initial Catalog=SecureDatabase;Integrated Security=True" tags="SqlConnectionString">
    <parameterEntry kind="XmlFile" scope="obj\\Debug\\Package\\PackageTmp\\web\.config$" match="/configuration/connectionStrings/add[@name='ApplicationServices']/@connectionString" />
  </parameter>
  <parameter name="SecureDatabase-Web.config Connection String" description="SecureDatabase Connection String used in web.config by the application to access the database." defaultValue="Data Source=Roshan-PC;Initial Catalog=SecureDatabase;Integrated Security=True" tags="SqlConnectionString">
    <parameterEntry kind="XmlFile" scope="obj\\Debug\\Package\\PackageTmp\\web\.config$" match="/configuration/connectionStrings/add[@name='SecureDatabase']/@connectionString" />
  </parameter>
  <parameter name="TestConnectionString-Web.config Connection String" description="TestConnectionString Connection String used in web.config by the application to access the database." defaultValue="Data Source=Roshan-PC;Initial Catalog=Test;Integrated Security=True" tags="SqlConnectionString">
    <parameterEntry kind="XmlFile" scope="obj\\Debug\\Package\\PackageTmp\\web\.config$" match="/configuration/connectionStrings/add[@name='TestConnectionString']/@connectionString" />
  </parameter>
  <parameter name="Test-Web.config Connection String" description="Test Connection String used in web.config by the application to access the database." defaultValue="Data Source=Roshan-PC;Initial Catalog=Test;Integrated Security=True" tags="SqlConnectionString">
    <parameterEntry kind="XmlFile" scope="obj\\Debug\\Package\\PackageTmp\\web\.config$" match="/configuration/connectionStrings/add[@name='Test']/@connectionString" />
  </parameter>
</parameters>